{"cameraMode":{"drawMode":0,"name":"Shaded","section":"Shading Mode"},"sceneLighting":false,"audioPlay":false,"sceneViewState":{"showFog":true,"showMaterialUpdate":false,"showSkybox":false,"showFlares":true,"showImageEffects":true,"showParticleSystems":true},"in2DMode":false,"pivot":{"x":2.5718557834625246,"y":0.6935349702835083,"z":1.042297124862671},"rotation":{"x":0.0009485873160883784,"y":0.9962921142578125,"z":-0.08539143949747086,"w":0.011069516651332379},"size":1.5604686737060547,"orthographic":false}