{"cameraMode":{"drawMode":0,"name":"Shaded","section":"Shading Mode"},"sceneLighting":true,"audioPlay":false,"sceneViewState":{"showFog":true,"showMaterialUpdate":false,"showSkybox":true,"showFlares":true,"showImageEffects":true,"showParticleSystems":true},"in2DMode":false,"pivot":{"x":10.299816131591797,"y":9.233631134033204,"z":9.54160213470459},"rotation":{"x":0.13540703058242799,"y":0.032689888030290607,"z":-0.004469850100576878,"w":0.9902418255805969},"size":8.616064071655274,"orthographic":false}